component,busy_time,sim_time,utilization
Thermal_ECU,0.0,119.0,0.0
Bed_ECU,0.0,119.0,0.0
Motion_ECU,49.62439048519094,119.0,0.41701168474950373
Main_ECU,29.399999999999878,119.0,0.24705882352941075
